﻿{"cameraMode":{"drawMode":0,"name":"Shaded","section":"Shading Mode"},"sceneLighting":false,"audioPlay":false,"sceneViewState":{"showFog":true,"showMaterialUpdate":false,"showSkybox":false,"showFlares":true,"showImageEffects":true,"showParticleSystems":true},"in2DMode":false,"pivot":{"x":1.000960111618042,"y":3.364315986633301,"z":0.006625950336456299},"rotation":{"x":-0.22953644394874574,"y":-0.27661246061325076,"z":0.06822266429662705,"w":-0.9306702613830566},"size":1.6954212188720704,"orthographic":false}